{"datetime": "2024-12-09 05:44:12", "MIN_LAMBDA_LOG_10": -5, "MAX_LAMBDA_LOG_10": 5, "NUM_LAMBDAS": 100, "DGP": "diabetes", "MIN_THETA": -5, "MAX_THETA": 5, "N_VALUES_FOR_EACH_THETA": 50, "REGULARIZATION": "L2", "lambda_l1_norm_rel_file": "out\\diabetes_L2\\lambda_l1_norm_rel.html", "lambda_l1_norm_rel_log_lambda_file": "out\\diabetes_L2\\lambda_l1_norm_rel_log_lambda.html", "lambda_l1_norm_rel_narrow_x_file": "out\\diabetes_L2\\lambda_l1_norm_rel_narrow_x.html", "lambda_l1_norm_rel_super_narrow_x_file": "out\\diabetes_L2\\lambda_l1_norm_rel_super_narrow_x.html", "lambda_l2_norm_rel_file": "out\\diabetes_L2\\lambda_l2_norm_rel.html", "lambda_l2_norm_rel_log_lambda_file": "out\\diabetes_L2\\lambda_l2_norm_rel_log_lambda.html", "lambda_l2_norm_rel_narrow_x_file": "out\\diabetes_L2\\lambda_l2_norm_rel_narrow_x.html", "lambda_l2_norm_rel_super_narrow_file": "out\\diabetes_L2\\lambda_l2_norm_rel_super_narrow.html", "lambda_combined_norm_rel_file": "out\\diabetes_L2\\lambda_combined_norm_rel.html", "lambda_combined_norm_rel_log_lambda_file": "out\\diabetes_L2\\lambda_combined_norm_rel_log_lambda.html", "lambda_combined_norm_rel_narrow_x_file": "out\\diabetes_L2\\lambda_combined_norm_rel_narrow_x.html", "lambda_combined_norm_rel_super_narrow_file": "out\\diabetes_L2\\lambda_combined_norm_rel_super_narrow.html", "relationship_l1_norm": {"linear": {"R2": 0.3144715332205609, "pearson": -0.5607776147641421, "p_val": 1.2961900942632964e-09}, "quadratic": {"R2": 0.4748537118673761, "pearson": -0.5607776147641421, "p_val": 1.2961900942632885e-09}, "cubic": {"R2": 0.5768583692329295, "pearson": -0.5607776147641421, "p_val": 1.2961900942632885e-09}, "log": {"R2": 0.8628079445702485, "pearson": -0.9288745580379775, "p_val": 4.631198147511404e-44}, "exp": {"R2": -3.3143709628147127, "pearson": -0.8267863064908892, "p_val": 3.155486335801761e-26}, "sqrt": {"R2": 0.5752457133975368, "pearson": -0.7584495457164813, "p_val": 6.322550542520039e-20}, "1/x": {"R2": -3.6041907393807975, "pearson": 0.999753125578669, "p_val": 7.664709800302426e-164}, "1/x^2": {"R2": -3.605218541708928, "pearson": 0.9497614901403452, "p_val": 3.069218984838804e-51}, "sigmoid": {"R2": -3.540993824212288, "pearson": -0.9625479635069498, "p_val": 2.3439214145521096e-57}, "tanh": {"R2": -3.54101774585802, "pearson": -0.875376338055507, "p_val": 1.0652892872726603e-32}}, "relationship_l2_norm": {"linear": {"R2": 0.20063559096137773, "pearson": -0.44792364411959507, "p_val": 2.9691902308916214e-06}, "quadratic": {"R2": 0.3147117661467381, "pearson": -0.4479236441195951, "p_val": 2.9691902308916096e-06}, "cubic": {"R2": 0.3962180963779819, "pearson": -0.4479236441195951, "p_val": 2.9691902308916096e-06}, "log": {"R2": 0.8951478354065401, "pearson": -0.9461225266351816, "p_val": 8.650817189619795e-50}, "exp": {"R2": -2.129683328153969, "pearson": -0.8250758283772118, "p_val": 4.887847188452407e-26}, "sqrt": {"R2": 0.4061349263376708, "pearson": -0.6372871615980275, "p_val": 1.0126220941241653e-12}, "1/x": {"R2": -2.1420905987389243, "pearson": 0.949202698730598, "p_val": 5.206774170314334e-51}, "1/x^2": {"R2": -2.1426429496390913, "pearson": 0.8200494502110192, "p_val": 1.721355074543689e-25}, "sigmoid": {"R2": -2.1403301358666305, "pearson": -0.968835784496896, "p_val": 3.342754661430075e-61}, "tanh": {"R2": -2.140320246859959, "pearson": -0.9566800291574309, "p_val": 2.5482472542248793e-54}}, "N_SAMPLES": 442, "N_FEATURES": 10, "THETA_TRUE": null}